Name	title	coding
t3_qphp3l	Hot chocolate	f
t3_qpkl4v	what is this about? seems sus	o
t3_qpeplw	In-person final exams set in stone?	c
t3_qo5qd4	Cat chasing birds outside of McConnell today (what should we name them?)	o
t3_qncnpo	Question about Richard Roy	o
t3_qprgxb	Recommendations for U3 electives?	c
t3_qpo7y6	How many classes can you fail before you get kicked out?	c
t3_qpkcxp	Peculiar microwave ?	f
t3_qq569m	Missed lecture	c
t3_qp884q	My only source for a reference doesn't want to be a reference - what to do?	o
t3_qownap	Lost Goggle	o
t3_qphbiq	Cloudberry Stocking Up for the Winter	o
t3_qov9br	Winter term at Udem?	o
t3_qp0a8e	Anyone willing to share psyc 213 notes?	o
t3_qpqlpc	Difficulty to find a date at McGill :/	o
t3_qnqqcq	Good complementary classes with no essays (engineering)	c
t3_qnevrn	Need recommendations for interview tips	o
t3_qoaub9	Wrongfully Accused in Math 133 of Cheating	c
t3_qnosog	Anyone been to Gerts bar recently?	o
t3_qmuiwp	Unwell Woman in Burnside ground staircase	o
t3_qq5p9m	French courses at McGill FRSL vs CEFN	o
t3_qp87j2	On-campus study spots with nice outside view ?	o
t3_qnfh8q	caged squirrel in leacock I'd like to know if it's ok	o
t3_qpdtsm	International student insurance coverage for consultation with a doctor outside McGill	o
t3_qnrj9f	textbook requirements for poli classes?	c
t3_qnowoj	UPDATE: KEYS FOUND!!!	o
t3_qnukdm	Failing	c
t3_qn2sji	REAL TALK FRIDAY	o
t3_qod30w	Where to buy Honeycomb?	f
t3_qnu3xn	Any fans of Better Call Saul?	o
t3_qorssr	Is it cold on campus today?	o
t3_qphe5x	Starting a band	o
t3_qodyxq	Wellness hub replacement?	o
t3_qo77a3	CodeJam Updates!	o
t3_qnqejc	Final exams and webwork	c
t3_qq0d9v	Should I wait until the status of the medical exam is updated to arrive?	o
t3_qnlnww	Question about PHGY212 Final	c
t3_qnm80d	birth control @ wellness hub	o
t3_qp5rs9	COMP 252	c
t3_qo1vab	Winter 2022 Exchange Reinstatement: Australia	o
t3_qpd7vg	Is there free COVID testing for McGill students?	o
t3_qor49v	How doable is it to take GERM325 and GERM336 in the same semester?	c
t3_qn2tjp	midterm grade and course grade	c
t3_qnmk8g	Where are Bell customer service people located?	o
t3_qp1lnb	IPN Supervisor Hunt	o
t3_qnj3aq	Getting permission to do an exam in a private room	c
t3_qpishs	Fast pass sticker??	o
t3_qq6ao9	OSD Exam Procedure	c
t3_qp3xao	To full time students/part time workers in the Life Sciences program, what should be the maximum amount of hours you allot for work without compromising your studies??	o
t3_qnnvxb	Watching UFC Events Near Campus	o
