Name	title	coding
t3_qogisc	Chem 203	c
t3_qoi8u0	Account Balance	o
t3_qmnn6h	Hard course load for winter?	c
t3_qn0dnv	Self-study source for MATH and PHYS	c
t3_qlvcl8	How is Nicolas Lepage-Saucier as a teacher?	c
t3_qmdxoa	Gown	o
t3_qpe7hw	Housing Accomodation	r
t3_qk6py8	Pre requisite courses to transfer to John Molson	c
t3_qpljyy	What's the course availability usually like for the summer semesters?	c
t3_qljdz5	SOS TUTORING	c
t3_qoagdb	How do you DISC a class?	c
t3_qnb3i5	Is a tutor allowed to give a quiz after stating no quiz would be given?	c
t3_qlh9o9	Is this... allowed ?	o
t3_qlbox3	FINA Electives to be taken in which order?	c
t3_ql7n1t	acco 230 midterm	c
t3_qpxh7l	PHYS 206 - Route of least resistance?	c
t3_qnp9ug	Anyone down to play online games this weekend?	o
t3_qkiqvg	COMP 335 in Summer	c
t3_qo535h	Im in Software Engineering and I have two options next semester. Either to take the ENGR 233 with Chantal David but take the SOEN 228 with Donald Peter Davies. OR take ENGR 233 with Alexei Kokotov but take SOEN 228 with Hakim Mella . Which option should I go for?	c
t3_qkudla	Looking at applying for MFA (photography focused)	o
t3_qm5my8	looking for paid tutorials	o
t3_qmopar	Survey for our Statistics Class! :)	c
t3_qm2jtm	Absolute professor dilemma-&gt; Anthony Noce or Anca Alecsandru	c
t3_qo26js	Permanent code international student.	o
t3_qmx5wu	What's going on at Space Concordia	o
t3_qktjdp	DISC classes - As an international student	c
t3_qpvjxz	DISC Inquiry	c
t3_qnccmc	Study Permit rant	o
t3_qlcvar	btm 200 online	c
t3_qmz7j7	Can anyone share the Econ 301 course outline with me?	c
t3_qly38g	COURSE QUESTION	c
t3_qmnj38	Freshman Questions	o
t3_qq7zbj	COMP 232 + 233 in one semester?	c
t3_qlyd20	CAQ and Study Permit	o
t3_qnqr6v	Conditional Offer of Admission	o
t3_qmoiy3	Do I have hope to pass my class?	c
t3_qne2cy	Just submitted my application for fall 2022!!!	o
t3_qoamk1	Comm 210 help	c
t3_qkoawi	Quitting Coop midway through	o
t3_qlgutl	Can we Petition Removal Of A Prof From A Teaching Position?	o
t3_qm78z3	Winter 2022 Schedule Advice	c
t3_qoxt8d	What would people say is the easiest math course to take a Concordia?	c
t3_qobx60	Hi I am new to university today I drop math 204 tomorrow is our medterm is it effect on my GPA	c
t3_qkrxur	Concordia Continuing Education worth it?	o
t3_qncmqz	Anyone know any good psychoanalysts around?	o
t3_qnrgvm	Coffee shops to study!	f
t3_qpp2m2	Retaking a course	c
t3_qp5j44	Concordia or uwindsor	o
t3_qpl3jr	Is graduate course withdrawal deadline today?	c
t3_qm1wq9	Wheelchair	o
