ZIP,month,time
83.0,4,1.1994444444444445
83.0,5,0.2654166666666667
83.0,6,1.1813888888888888
10000.0,1,26.121666666666666
10000.0,2,58.97623456790124
10000.0,3,116.62283333333335
10000.0,4,0.8078073286052009
10000.0,5,1.7603548085901026
10000.0,6,13.501230158730158
10000.0,7,86.08411764705882
10000.0,8,87.12808479532164
10000.0,9,44.606301169590644
10001.0,1,43.81781752203214
10001.0,2,52.309797166293805
10001.0,3,100.76526691887348
10001.0,4,153.475
10001.0,5,202.86075662144702
10001.0,6,140.06272890946502
10001.0,7,54.968571107110705
10001.0,8,88.48593235191028
10001.0,9,94.87026793404699
10002.0,1,40.81517635547919
10002.0,2,67.94790143812402
10002.0,3,76.12443432298696
10002.0,4,58.409289722994544
10002.0,5,103.33290826581245
10002.0,6,101.063505927764
10002.0,7,111.06738377379938
10002.0,8,107.99914601652011
10002.0,9,90.85818853767562
10003.0,1,42.347250535659626
10003.0,2,62.94077426233287
10003.0,3,85.60724352671255
10003.0,4,105.78431899641578
10003.0,5,169.95890483539097
10003.0,6,196.68257542655016
10003.0,7,108.81419456469456
10003.0,8,121.75572999000634
10003.0,9,149.3817131793008
10004.0,1,21.02129975124378
10004.0,2,38.97815227170491
10004.0,3,145.50658764367816
10004.0,4,76.6777850877193
10004.0,5,150.32697440087145
10004.0,6,135.83920850066934
10004.0,7,75.14786738351255
10004.0,8,97.22621822803195
10004.0,9,201.99395695364237
10005.0,1,13.634238205723124
10005.0,2,38.83910544590643
10005.0,3,69.36542521367522
10005.0,4,124.53372549019608
10005.0,5,235.60207391713746
10005.0,6,253.23448816872428
10005.0,7,123.11746939736346
10005.0,8,95.99140946502057
10005.0,9,106.64250666666666
10006.0,1,20.49931392235609
10006.0,2,34.00491622574956
10006.0,3,75.85922839506172
10006.0,4,254.45981280193237
10006.0,5,101.82926215277777
10006.0,6,149.85825445816187
10006.0,7,55.89763055555555
10006.0,8,178.61956997863248
10006.0,9,88.93046783625731
10007.0,1,18.2525746628131
10007.0,2,44.32822916666667
10007.0,3,87.07065195332318
10007.0,4,163.18408960573475
10007.0,5,204.24820135052178
10007.0,6,106.71977777777778
10007.0,7,98.94550016784156
10007.0,8,182.28416296296297
10007.0,9,191.46109147025814
10009.0,1,33.83202965423896
10009.0,2,65.18236168622039
10009.0,3,64.16600427350429
10009.0,4,44.36546948356807
10009.0,5,69.18721359441818
10009.0,6,101.01189962121212
10009.0,7,121.73918648123224
10009.0,8,79.82964834870972
10009.0,9,112.7754086615434
10010.0,1,47.699197235513026
10010.0,2,80.47238067292645
10010.0,3,78.62656700937951
10010.0,4,84.10426349552166
10010.0,5,209.7276806763285
10010.0,6,100.2240943084693
10010.0,7,112.87578406531533
10010.0,8,113.85963469096106
10010.0,9,130.67179343202315
10011.0,1,41.79440476190476
10011.0,2,76.69357142857143
10011.0,3,92.57149043830263
10011.0,4,108.22687853857042
10011.0,5,148.29849385652003
10011.0,6,161.84638456549936
10011.0,7,159.30912685868165
10011.0,8,136.99857130404465
10011.0,9,115.0631125288805
10012.0,1,39.32043341980112
10012.0,2,58.247146788990825
10012.0,3,91.29415791316526
10012.0,4,119.22926533090468
10012.0,5,161.6306360332295
10012.0,6,159.06465088956026
10012.0,7,131.89862885154062
10012.0,8,152.8606229546517
10012.0,9,191.99544692527436
10013.0,1,44.374048903272204
10013.0,2,61.250341770951835
10013.0,3,108.19929656598346
10013.0,4,108.15659702660408
10013.0,5,90.76352772843893
10013.0,6,161.32513646076148
10013.0,7,107.38606880058867
10013.0,8,110.58002594627594
10013.0,9,94.88133067198935
10014.0,1,56.30108933333333
10014.0,2,66.5603460762743
10014.0,3,109.59569538926682
10014.0,4,129.3068634596696
10014.0,5,105.37296021840875
10014.0,6,142.25889136658958
10014.0,7,113.59534557438795
10014.0,8,152.66274525110592
10014.0,9,207.08743263972255
10016.0,1,37.27731919293539
10016.0,2,54.013658201058206
10016.0,3,70.86947985705002
10016.0,4,87.30460165484634
10016.0,5,179.32382073928687
10016.0,6,164.61476194389655
10016.0,7,116.85097903885482
10016.0,8,128.19958890030833
10016.0,9,188.55272038567495
10017.0,1,43.71908174097664
10017.0,2,58.64692789968652
10017.0,3,108.8930078125
10017.0,4,243.17257320497393
10017.0,5,315.57511735900033
10017.0,6,183.97149428684006
10017.0,7,173.37948692810457
10017.0,8,167.64945149911816
10017.0,9,173.2116255144033
10018.0,1,41.8357272563826
10018.0,2,46.86102163961714
10018.0,3,127.5911513994911
10018.0,4,126.41160677879714
10018.0,5,356.7928396188159
10018.0,6,169.51317953546766
10018.0,7,73.98317948717948
10018.0,8,75.58409569035948
10018.0,9,90.79111057794839
10019.0,1,45.884729622040076
10019.0,2,62.16069608193403
10019.0,3,81.89041539032766
10019.0,4,137.20146784006954
10019.0,5,59.37458652618135
10019.0,6,181.71409119839973
10019.0,7,91.68162662247997
10019.0,8,86.1239192807957
10019.0,9,100.46734178224135
10020.0,1,41.174
10020.0,2,95.55180555555556
10020.0,3,35.18086805555556
10020.0,4,0.5025000000000001
10020.0,5,489.4053333333333
10020.0,6,517.8622569444444
10020.0,7,65.45677777777777
10020.0,8,78.29194444444444
10020.0,9,11.679242424242425
10021.0,1,45.399605221267116
10021.0,2,95.0557485380117
10021.0,3,92.96554539295393
10021.0,4,120.12870673952641
10021.0,5,124.71801140544517
10021.0,6,180.8698344370861
10021.0,7,156.15071992864424
10021.0,8,150.66253848306746
10021.0,9,303.29344488770687
10022.0,1,40.26444863731656
10022.0,2,74.3505694980695
10022.0,3,93.81275985663082
10022.0,4,218.31591059027778
10022.0,5,198.6851268498943
10022.0,6,196.14410375346554
10022.0,7,125.64541695185945
10022.0,8,175.72544391025642
10022.0,9,157.40453439153438
10023.0,1,39.388411319073086
10023.0,2,65.99008358283433
10023.0,3,94.40454910292729
10023.0,4,112.88461538461539
10023.0,5,98.92792178362573
10023.0,6,125.54091860761105
10023.0,7,87.09863338424334
10023.0,8,94.36865989017409
10023.0,9,137.99017596009293
10024.0,1,43.2184188034188
10024.0,2,78.67232500736812
10024.0,3,98.18419009884117
10024.0,4,103.49915553700612
10024.0,5,93.80941472045293
10024.0,6,157.851693583118
10024.0,7,146.00963748164463
10024.0,8,122.89451425247238
10024.0,9,91.0469952944748
10025.0,1,50.55494268077601
10025.0,2,85.33791707798618
10025.0,3,85.69634154040405
10025.0,4,97.80254951690821
10025.0,5,57.27106689799269
10025.0,6,163.21714999738316
10025.0,7,135.6142482605265
10025.0,8,151.48569400520066
10025.0,9,102.30917505822715
10026.0,1,32.92122321701867
10026.0,2,82.99599494170096
10026.0,3,80.5380213719407
10026.0,4,49.1344871304791
10026.0,5,42.705364374163324
10026.0,6,83.67978599591468
10026.0,7,95.20654617604619
10026.0,8,118.1879441015089
10026.0,9,71.26103402525864
10027.0,1,46.30176267281106
10027.0,2,62.49324275934702
10027.0,3,95.26777118027118
10027.0,4,51.568666805903646
10027.0,5,73.99076440742868
10027.0,6,98.59831876724931
10027.0,7,142.81904263220437
10027.0,8,149.16722500132337
10027.0,9,110.54691932430465
10028.0,1,49.02179810929811
10028.0,2,101.30306286549707
10028.0,3,102.33701946924603
10028.0,4,88.87878077798469
10028.0,5,43.18306769147789
10028.0,6,102.04291982323232
10028.0,7,109.82635562632696
10028.0,8,95.35707064471879
10028.0,9,182.54479777777777
10029.0,1,38.87210282169521
10029.0,2,70.76929381660864
10029.0,3,64.1167101937658
10029.0,4,54.18690754492116
10029.0,5,55.303418451400326
10029.0,6,85.62383491311216
10029.0,7,119.55532721598003
10029.0,8,95.43280338541668
10029.0,9,129.15151552048835
10030.0,1,54.3564634895559
10030.0,2,67.10416339869282
10030.0,3,90.39191549040898
10030.0,4,32.8365184144819
10030.0,5,68.6628190261913
10030.0,6,105.92215865712338
10030.0,7,224.6874654519113
10030.0,8,166.30957874807714
10030.0,9,188.63815946245498
10031.0,1,46.021208920187796
10031.0,2,79.60520913948774
10031.0,3,74.63038570541191
10031.0,4,36.49370701281187
10031.0,5,69.93960619428361
10031.0,6,109.21681395580615
10031.0,7,97.69897791688402
10031.0,8,110.03074160299269
10031.0,9,103.16291087753211
10032.0,1,36.80471718366632
10032.0,2,75.49266103728313
10032.0,3,68.63809757236228
10032.0,4,44.6676433889707
10032.0,5,61.004542504334786
10032.0,6,77.21293610523843
10032.0,7,75.79876024531025
10032.0,8,73.2197350218696
10032.0,9,174.51722130546386
10033.0,1,42.830672236627294
10033.0,2,79.70780970336853
10033.0,3,77.64817961711712
10033.0,4,52.71972367149759
10033.0,5,54.680074505001016
10033.0,6,137.01005842741137
10033.0,7,101.61154541718044
10033.0,8,78.02719881474266
10033.0,9,185.33040870695254
10034.0,1,35.534588315000796
10034.0,2,64.45771162033559
10034.0,3,89.25426786888326
10034.0,4,56.7952098085497
10034.0,5,31.545618984334098
10034.0,6,70.45962865026442
10034.0,7,55.56180905248434
10034.0,8,41.902071039966515
10034.0,9,93.02106095679012
10035.0,1,44.9397989708704
10035.0,2,77.63276423902894
10035.0,3,83.71976580263757
10035.0,4,79.88106789348947
10035.0,5,97.68904975208474
10035.0,6,170.1541434863236
10035.0,7,161.83248551869406
10035.0,8,112.1672371031746
10035.0,9,113.5839945226917
10036.0,1,46.88417806267806
10036.0,2,82.90888996138996
10036.0,3,140.5237140105434
10036.0,4,198.4419076305221
10036.0,5,140.75454215736474
10036.0,6,158.25973408989765
10036.0,7,86.72076209859792
10036.0,8,135.05665308165308
10036.0,9,119.77906540968343
10037.0,1,56.842459435626104
10037.0,2,52.58773006785411
10037.0,3,71.53520909311938
10037.0,4,36.484234892787526
10037.0,5,31.46561346220829
10037.0,6,99.41043884932745
10037.0,7,157.38547156862748
10037.0,8,150.2310316951567
10037.0,9,76.97653414195867
10038.0,1,16.063015389082462
10038.0,2,37.05736950400693
10038.0,3,70.72824572127139
10038.0,4,86.2540963648834
10038.0,5,51.87250974658869
10038.0,6,121.48011159107271
10038.0,7,98.45676787252368
10038.0,8,88.29503881278539
10038.0,9,141.4999105607155
10039.0,1,43.457738169689385
10039.0,2,118.08397384497901
10039.0,3,90.27458353260003
10039.0,4,41.03036846405229
10039.0,5,61.15043224452315
10039.0,6,156.74005739415622
10039.0,7,144.20133825417201
10039.0,8,146.65531334853915
10039.0,9,121.95479282132489
10040.0,1,32.503896982646985
10040.0,2,56.97777143029864
10040.0,3,55.7150588396278
10040.0,4,34.67590031520883
10040.0,5,26.257689352234152
10040.0,6,69.86248149052152
10040.0,7,37.53016876269502
10040.0,8,52.47802194058327
10040.0,9,140.4225466058764
10041.0,1,1.4405555555555556
10041.0,3,514.0544444444445
10041.0,4,0.055
10041.0,6,9.688611111111111
10041.0,7,116.81048611111112
10041.0,8,25.04652777777778
10041.0,9,11.008
10044.0,1,50.759503968253966
10044.0,2,36.10912698412698
10044.0,3,120.44786324786325
10044.0,4,27.296881313131312
10044.0,5,42.007312091503266
10044.0,6,178.30223995271865
10044.0,7,89.5129475308642
10044.0,8,122.10286111111112
10044.0,9,233.96890350877192
10045.0,1,35.85861111111111
10045.0,2,1.5197222222222222
10045.0,3,288.0002777777778
10045.0,4,0.15694444444444444
10045.0,5,1.0094444444444444
10045.0,9,306.90037037037035
10048.0,8,0.2086111111111111
10048.0,9,7.65
10055.0,3,166.79861111111111
10055.0,9,230.31333333333333
10065.0,1,43.79549505794138
10065.0,2,86.37833647206529
10065.0,3,90.90164741474148
10065.0,4,135.44710778885198
10065.0,5,128.18317386831276
10065.0,6,177.73899686778765
10065.0,7,95.00226621049201
10065.0,8,141.914035161744
10065.0,9,141.2752260802469
10069.0,1,54.76538888888889
10069.0,2,109.53324074074074
10069.0,3,107.49966666666667
10069.0,4,42.59236714975845
10069.0,5,62.19456481481481
10069.0,6,157.75904320987655
10069.0,7,77.8011111111111
10069.0,8,131.00881944444444
10069.0,9,63.974951690821264
10075.0,1,54.81047654320988
10075.0,2,138.42413276836157
10075.0,3,113.9348223874432
10075.0,4,97.42559656084656
10075.0,5,363.825675253708
10075.0,6,191.21689415708815
10075.0,7,185.95794459338697
10075.0,8,186.05961049610497
10075.0,9,214.81493348982787
10103.0,1,0.7603703703703704
10103.0,2,28.5043253968254
10103.0,3,0.35944444444444446
10103.0,4,1694.8216666666667
10103.0,5,0.021111111111111112
10103.0,8,31.811759259259258
10103.0,9,2.7198611111111113
10105.0,1,103.34796296296297
10105.0,3,44.496944444444445
10105.0,4,0.12472222222222222
10105.0,5,2.05375
10105.0,6,2159.318888888889
10105.0,7,69.4225
10105.0,8,0.7172222222222222
10105.0,9,4.6752777777777785
10106.0,2,1.3
10106.0,3,60.31666666666666
10106.0,4,0.6466666666666666
10107.0,3,23.487142857142857
10107.0,5,21.411527777777778
10107.0,8,2.859583333333333
10110.0,1,12.721666666666666
10110.0,2,90.08972222222222
10110.0,4,1243.0841666666668
10110.0,7,2.3223611111111113
10111.0,3,1.2661111111111112
10111.0,4,360.8675694444445
10111.0,5,0.0575
10111.0,7,3.5005555555555556
10111.0,8,995.7411111111111
10112.0,2,0.15305555555555556
10112.0,3,816.3588888888889
10112.0,4,43.39333333333334
10112.0,6,24.920277777777777
10112.0,7,2.069166666666667
10112.0,8,425.5566666666667
10112.0,9,219.13722222222225
10115.0,3,171.98694444444445
10115.0,5,352.6045833333334
10115.0,7,121.61666666666666
10115.0,8,388.25444444444446
10118.0,1,100.93061111111112
10118.0,2,40.20291666666667
10118.0,3,30.24361111111111
10118.0,4,2122.947222222222
10118.0,6,635.2755555555556
10118.0,7,30.953611111111112
10118.0,8,34.76833333333333
10119.0,1,125.47236111111111
10119.0,2,20.524675925925926
10119.0,3,22.578125000000004
10119.0,4,871.3844444444445
10119.0,5,7.911277777777778
10119.0,6,1.2499259259259259
10119.0,7,3.4039619883040935
10119.0,8,4.076319444444445
10119.0,9,7.605194444444443
10120.0,1,5.689259259259259
10120.0,2,10.325000000000001
10120.0,3,78.9462962962963
10120.0,4,3.267638888888889
10120.0,5,841.4775925925925
10120.0,6,0.22231481481481483
10120.0,7,89.67595238095238
10120.0,8,106.00523809523811
10121.0,1,21.798503086419753
10121.0,2,159.3645061728395
10121.0,3,580.9668434343434
10121.0,4,852.4335515873016
10121.0,5,856.5087500000001
10121.0,6,697.8670634920634
10121.0,7,13.785555555555554
10121.0,8,201.836875
10121.0,9,132.13179487179488
10122.0,2,0.7341666666666666
10122.0,3,89.16388888888889
10122.0,5,1151.4431944444443
10122.0,7,39.75777777777778
10123.0,1,6.735722222222222
10123.0,2,3.009097222222222
10123.0,4,0.05333333333333334
10123.0,6,1.7075
10123.0,7,6.48125
10123.0,8,0.19
10123.0,9,0.6615277777777777
10128.0,1,52.33864635603345
10128.0,2,97.05039922770304
10128.0,3,93.89991561844865
10128.0,4,88.38825867752568
10128.0,5,68.30290867461552
10128.0,6,180.4554613821138
10128.0,7,133.9083973374296
10128.0,8,165.6682355028386
10128.0,9,165.94465534979423
10151.0,1,2.854722222222222
10151.0,7,0.2922222222222222
10151.0,8,0.24481481481481482
10151.0,9,2.2670833333333333
10152.0,1,16.92888888888889
10152.0,2,22.036527777777778
10152.0,3,168.00027777777777
10152.0,6,2228.199722222222
10152.0,9,11.367777777777778
10153.0,6,48.755
10153.0,7,65.66769841269841
10153.0,8,0.19111111111111112
10154.0,1,3.1352777777777776
10154.0,3,33.675370370370366
10154.0,6,757.9572222222223
10154.0,7,550.7473611111111
10154.0,8,33.17157407407408
10154.0,9,0.5769444444444445
10155.0,1,4.200555555555556
10155.0,3,35.92625
10155.0,4,761.0448611111111
10155.0,6,1.6047222222222222
10155.0,8,0.6133333333333333
10158.0,3,24.0
10158.0,4,1570.8972222222221
10158.0,8,0.07111111111111111
10162.0,1,14.369305555555556
10162.0,3,10.61088888888889
10162.0,4,0.44125000000000003
10162.0,5,18.494027777777777
10162.0,6,0.2689814814814815
10162.0,7,49.494880952380946
10162.0,8,27.00787037037037
10162.0,9,0.15555555555555556
10165.0,1,2.1827777777777775
10165.0,2,359.0779166666667
10165.0,4,0.5296296296296297
10165.0,6,971.1036111111111
10165.0,7,63.98833333333334
10165.0,8,15.597962962962965
10166.0,1,0.44055555555555553
10166.0,5,0.04027777777777778
10167.0,7,2.4780555555555557
10168.0,1,2.6275
10168.0,2,259.841875
10168.0,3,102.35388888888889
10168.0,4,221.72462962962962
10168.0,5,1087.7504166666665
10168.0,6,0.3711111111111111
10168.0,7,0.17324074074074072
10168.0,9,4.25111111111111
10169.0,1,7.814783950617285
10169.0,2,2.4086805555555553
10169.0,3,12.370291666666667
10169.0,4,18.617604166666666
10169.0,5,8.964496527777778
10169.0,6,7.270022222222223
10169.0,7,8.826456916099774
10169.0,8,12.358008385744235
10169.0,9,4.600608747044918
10170.0,1,121.98333333333333
10170.0,2,25.741944444444446
10170.0,4,0.1688888888888889
10170.0,6,15.895833333333334
10170.0,7,21.861944444444443
10170.0,8,94.3469191919192
10170.0,9,0.12576388888888887
10171.0,1,127.29777777777778
10171.0,3,23.333333333333332
10171.0,5,33.09097222222222
10171.0,9,22.296944444444446
10172.0,1,16.50138888888889
10172.0,3,47.79895833333333
10172.0,7,143.8711111111111
10173.0,1,47.89472222222222
10173.0,4,0.44
10173.0,5,18.0
10173.0,7,9.09
10173.0,8,0.6055555555555555
10173.0,9,8.531666666666666
10174.0,4,275.97314814814814
10174.0,5,0.09944444444444445
10174.0,9,83.24277777777777
10175.0,7,2.0052777777777777
10176.0,3,79.58583333333333
10176.0,4,232.04111111111112
10177.0,1,290.57
10177.0,2,1017.8947222222222
10177.0,3,52.863055555555555
10177.0,5,0.555
10177.0,6,0.14722222222222223
10177.0,7,21.18027777777778
10177.0,9,4.6075
10178.0,1,108.91324074074073
10178.0,6,324.3263095238095
10178.0,7,0.21291666666666667
10178.0,8,37.27694444444444
10178.0,9,0.2927777777777778
10179.0,2,42.199629629629634
10179.0,4,1354.2410185185183
10179.0,6,0.3869444444444444
10271.0,2,0.4211111111111111
10271.0,3,9.091388888888888
10271.0,4,1996.1293055555557
10271.0,5,1494.2177777777779
10271.0,6,4.426527777777778
10271.0,7,3.305555555555556
10278.0,1,69.83231481481482
10278.0,2,4.19212962962963
10278.0,3,518.7936111111111
10278.0,4,15.664652777777778
10278.0,5,64.68787037037036
10278.0,6,80.00638888888888
10278.0,7,12.491944444444444
10278.0,8,10.667944444444444
10278.0,9,14.808333333333334
10279.0,1,23.529884259259262
10279.0,2,15.564226190476191
10279.0,3,722.75
10279.0,4,0.21375
10279.0,5,437.6571666666667
10279.0,6,0.17194444444444446
10279.0,7,7.58638888888889
10279.0,8,34.234722222222224
10279.0,9,205.4613888888889
10280.0,1,28.025666666666666
10280.0,2,84.22633333333333
10280.0,3,57.618599999999994
10280.0,4,98.65947368421052
10280.0,5,92.72290311653117
10280.0,6,66.90599415204679
10280.0,7,35.8180352303523
10280.0,8,16.89636574074074
10280.0,9,114.0565770609319
10281.0,1,10.085740740740741
10281.0,2,20.702777777777776
10281.0,3,665.1270833333333
10281.0,4,653.28125
10281.0,5,216.48393518518517
10281.0,6,350.33905555555555
10281.0,7,210.61083333333332
10281.0,8,43.484365079365084
10281.0,9,0.5485416666666667
10282.0,1,22.34258064516129
10282.0,2,92.35930555555557
10282.0,3,99.31894736842106
10282.0,4,50.8679938271605
10282.0,5,25.802389770723103
10282.0,6,61.84651111111111
10282.0,7,43.61303703703704
10282.0,8,54.01247222222222
10282.0,9,145.98709967320264
10301.0,1,48.3727417302799
10301.0,2,81.412076873385
10301.0,3,66.16888474913064
10301.0,4,89.91052922590836
10301.0,5,89.54202577888063
10301.0,6,79.67172908032366
10301.0,7,119.43370306701594
10301.0,8,161.73787061024754
10301.0,9,192.699443823712
10302.0,1,49.86763020833333
10302.0,2,66.38261030886483
10302.0,3,136.37041313131314
10302.0,4,113.1783322731128
10302.0,5,89.63211862852953
10302.0,6,113.43030829596414
10302.0,7,183.8726873385013
10302.0,8,167.32597042624522
10302.0,9,255.12205780022447
10303.0,1,42.797693776250476
10303.0,2,60.780576162215624
10303.0,3,81.19048670465337
10303.0,4,56.943085585585585
10303.0,5,90.15189221272554
10303.0,6,85.93105991943605
10303.0,7,136.07783859558316
10303.0,8,192.2678334292842
10303.0,9,173.53204202446005
10304.0,1,38.05729178914364
10304.0,2,72.95594911377931
10304.0,3,95.630291005291
10304.0,4,81.44207058823528
10304.0,5,132.80851826060044
10304.0,6,118.21224794238684
10304.0,7,125.30351369509043
10304.0,8,178.54262108883077
10304.0,9,277.87840082159624
10305.0,1,36.73285490479633
10305.0,2,65.59249273783587
10305.0,3,76.73613368447454
10305.0,4,50.60256162619573
10305.0,5,82.43699273003472
10305.0,6,94.16578087744396
10305.0,7,102.6048102310231
10305.0,8,167.72752410901467
10305.0,9,215.2916503267974
10306.0,1,45.00924878836833
10306.0,2,54.181454161103694
10306.0,3,69.87000245459008
10306.0,4,99.88424983366599
10306.0,5,94.13800906715844
10306.0,6,78.54068506006006
10306.0,7,102.41205480189493
10306.0,8,165.37531076388888
10306.0,9,293.85104217603913
10307.0,1,65.04337145969498
10307.0,2,67.93250275027503
10307.0,3,108.17057407407408
10307.0,4,130.8239078282828
10307.0,5,79.44907455382844
10307.0,6,58.10793189964158
10307.0,7,69.13791821849783
10307.0,8,131.44673548922057
10307.0,9,172.9617367601246
10308.0,1,39.11575426550146
10308.0,2,58.609872421281224
10308.0,3,102.52329438294383
10308.0,4,97.438458994709
10308.0,5,62.99248392282958
10308.0,6,75.46903976818545
10308.0,7,64.41987496920424
10308.0,8,134.33250949240607
10308.0,9,266.7464856998228
10309.0,1,57.65434700075931
10309.0,2,70.3674857881137
10309.0,3,101.36995254048018
10309.0,4,89.26994734931009
10309.0,5,99.38311481481482
10309.0,6,98.52106612508734
10309.0,7,98.00252380952381
10309.0,8,168.22744060553381
10309.0,9,255.45206332052513
10310.0,1,36.588376436781616
10310.0,2,54.12656746031746
10310.0,3,74.57216264521895
10310.0,4,73.1250405643739
10310.0,5,72.0166718490879
10310.0,6,69.24092775248694
10310.0,7,106.47505677210056
10310.0,8,142.63095348837209
10310.0,9,208.44204968184042
10312.0,1,40.60077821011673
10312.0,2,55.981958976914136
10312.0,3,97.86431853582555
10312.0,4,94.68779371231697
10312.0,5,80.6484119430344
10312.0,6,108.58021210873147
10312.0,7,112.01712691088738
10312.0,8,139.15069240446078
10312.0,9,272.2228217268842
10314.0,1,41.22163165509259
10314.0,2,59.45999824561403
10314.0,3,73.3364166402368
10314.0,4,98.44973011771461
10314.0,5,103.35276237679211
10314.0,6,85.38215564405824
10314.0,7,104.96271433850701
10314.0,8,123.09084758285834
10314.0,9,223.6767101134444
10451.0,1,41.95795065011821
10451.0,2,72.02342008121077
10451.0,3,80.03244266191324
10451.0,4,88.9895729764181
10451.0,5,90.89883454106281
10451.0,6,183.33612823711096
10451.0,7,82.76103393554688
10451.0,8,101.47489638215666
10451.0,9,109.55243838028169
10452.0,1,42.16099414197105
10452.0,2,114.50052798202616
10452.0,3,102.40917406958745
10452.0,4,61.70742258161126
10452.0,5,108.85135784464231
10452.0,6,198.66407965419882
10452.0,7,92.23488710464161
10452.0,8,91.52290308008784
10452.0,9,98.29679684596805
10453.0,1,46.03134908972161
10453.0,2,103.13766865079366
10453.0,3,115.99808367466355
10453.0,4,74.56035540449815
10453.0,5,122.95102935164746
10453.0,6,153.67024687433778
10453.0,7,55.40432611060514
10453.0,8,84.95338934033069
10453.0,9,109.21801215277779
10454.0,1,44.62942038852578
10454.0,2,86.37429097110035
10454.0,3,80.71045342604666
10454.0,4,129.93172843176114
10454.0,5,117.21344343777525
10454.0,6,173.35938388307858
10454.0,7,101.98133872707659
10454.0,8,98.1203663674305
10454.0,9,127.07316304211973
10455.0,1,43.715871580899396
10455.0,2,81.75626899696049
10455.0,3,81.6734882410928
10455.0,4,62.961376959781866
10455.0,5,85.92276227622763
10455.0,6,140.6533348614507
10455.0,7,100.79086851851852
10455.0,8,105.88598904773848
10455.0,9,121.66547072824875
10456.0,1,35.69312234007726
10456.0,2,88.41968101236296
10456.0,3,91.19599987640589
10456.0,4,82.18802513705042
10456.0,5,155.24699239552305
10456.0,6,176.05356454486557
10456.0,7,105.88104346182918
10456.0,8,115.92103128460687
10456.0,9,128.759202273156
10457.0,1,52.55793740573152
10457.0,2,75.86073628959754
10457.0,3,83.54379435523838
10457.0,4,69.83709134175362
10457.0,5,127.20218566158141
10457.0,6,136.55881410892727
10457.0,7,63.58960048195071
10457.0,8,68.30533950617284
10457.0,9,116.69906678117204
10458.0,1,44.678306914771426
10458.0,2,84.52054608999563
10458.0,3,111.58877095238095
10458.0,4,90.87939372493513
10458.0,5,138.42921179204495
10458.0,6,207.45725856372803
10458.0,7,121.25439028651292
10458.0,8,131.57690089733438
10458.0,9,104.75748802444664
10459.0,1,39.29791094969061
10459.0,2,100.59832562854827
10459.0,3,101.39797077922078
10459.0,4,104.2331331521739
10459.0,5,156.0649761454144
10459.0,6,235.99400500663532
10459.0,7,159.67857587064677
10459.0,8,144.2461501785942
10459.0,9,152.89848850439424
10460.0,1,42.50556795634921
10460.0,2,74.46659938485197
10460.0,3,101.4192844254511
10460.0,4,85.32251989737145
10460.0,5,145.85539921672668
10460.0,6,198.72732103321036
10460.0,7,84.58425573849036
10460.0,8,128.354834825528
10460.0,9,110.86264851759489
10461.0,1,40.33025473287739
10461.0,2,87.21124261811023
10461.0,3,109.43075408109532
10461.0,4,87.05586902705815
10461.0,5,134.83966201423098
10461.0,6,167.71805190592053
10461.0,7,106.4609785849331
10461.0,8,145.8422808395778
10461.0,9,216.86821823337178
10462.0,1,40.22366326439251
10462.0,2,69.315550297932
10462.0,3,71.92971771336553
10462.0,4,70.15509987966306
10462.0,5,114.2148388142959
10462.0,6,199.04963560645496
10462.0,7,88.46488467114801
10462.0,8,110.83874568469504
10462.0,9,170.92589043209875
10463.0,1,34.71616671168738
10463.0,2,63.40007614942529
10463.0,3,79.82028262887032
10463.0,4,58.15855124340619
10463.0,5,72.28776332199547
10463.0,6,88.10153324225865
10463.0,7,77.91828317336369
10463.0,8,117.65056537598204
10463.0,9,140.44439838719958
10464.0,1,31.952847985347983
10464.0,2,45.32474147414741
10464.0,3,105.4850925925926
10464.0,4,29.779336219336223
10464.0,5,90.66053343166175
10464.0,6,113.22738131313132
10464.0,7,59.41265639589169
10464.0,8,188.43511306042885
10464.0,9,239.04025039123633
10465.0,1,34.071977493306555
10465.0,2,48.151245730359655
10465.0,3,83.16139375561545
10465.0,4,61.852344602923054
10465.0,5,78.59300010561893
10465.0,6,102.78824988933157
10465.0,7,79.20344104803493
10465.0,8,149.6845151991614
10465.0,9,160.03185341064972
10466.0,1,52.913700348242465
10466.0,2,103.9667567001675
10466.0,3,85.6478434912382
10466.0,4,17.431581325301206
10466.0,5,29.529912233359035
10466.0,6,48.791715546170686
10466.0,7,31.07247761950223
10466.0,8,24.234098552341926
10466.0,9,23.097699425220398
10467.0,1,46.241359276593286
10467.0,2,106.0379605534903
10467.0,3,143.65731509370815
10467.0,4,72.92341720448863
10467.0,5,154.5723313637102
10467.0,6,234.69068673687423
10467.0,7,164.55418552865976
10467.0,8,153.89607864357865
10467.0,9,155.1349720831729
10468.0,1,46.258631121964456
10468.0,2,72.34730587524865
10468.0,3,105.94271729502297
10468.0,4,61.416782897979296
10468.0,5,105.02265808245677
10468.0,6,123.7128571346718
10468.0,7,90.64681112260438
10468.0,8,111.15828209623169
10468.0,9,106.64728933127174
10469.0,1,39.22848981077147
10469.0,2,72.47152077634492
10469.0,3,85.46558572850566
10469.0,4,98.60030482881137
10469.0,5,141.56841629629628
10469.0,6,139.29888111888113
10469.0,7,153.52488888888888
10469.0,8,130.47536968722412
10469.0,9,189.63732909345222
10470.0,1,59.670736758263644
10470.0,2,108.20996139872842
10470.0,3,97.32079834605598
10470.0,4,48.80466833636916
10470.0,5,154.98905917411665
10470.0,6,141.45529840484048
10470.0,7,142.96662068531117
10470.0,8,136.73436461578402
10470.0,9,155.37568161829375
10471.0,1,23.264434697855748
10471.0,2,57.59013359400456
10471.0,3,86.69286427566807
10471.0,4,67.25833420684836
10471.0,5,94.40941801868239
10471.0,6,68.44216704395397
10471.0,7,76.42999192897499
10471.0,8,98.95801654182272
10471.0,9,198.3264545056868
10472.0,1,35.847191276803116
10472.0,2,69.48896919546964
10472.0,3,87.35710282258064
10472.0,4,107.4864047064047
10472.0,5,141.27546810699587
10472.0,6,170.29099846592155
10472.0,7,89.81035804473305
10472.0,8,72.54115239114917
10472.0,9,101.5354979340177
10473.0,1,36.43582682559255
10473.0,2,59.26986232487168
10473.0,3,72.6732523284796
10473.0,4,58.49420689655173
10473.0,5,73.759307568438
10473.0,6,85.75213409961687
10473.0,7,77.83810704338903
10473.0,8,92.01296998847096
10473.0,9,96.5760196318563
10474.0,1,47.495888671875
10474.0,2,104.4709525462963
10474.0,3,125.464
10474.0,4,136.71362612612612
10474.0,5,131.0741992864424
10474.0,6,216.78531712962962
10474.0,7,197.50687588652482
10474.0,8,146.50039782886336
10474.0,9,162.40566582914573
10475.0,1,48.808911179698214
10475.0,2,74.58187012670567
10475.0,3,73.91406616982836
10475.0,4,72.64517498776308
10475.0,5,135.6762395946435
10475.0,6,143.05192866941013
10475.0,7,172.2596608265948
10475.0,8,149.05859383995394
10475.0,9,99.63380216802169
11001.0,1,54.30139506172839
11001.0,2,70.77804200542006
11001.0,3,89.67388271604938
11001.0,4,13.916926328502415
11001.0,5,331.91054878048783
11001.0,6,71.85978737997257
11001.0,7,95.50562641723356
11001.0,8,122.08463164251206
11001.0,9,459.6973263888888
11004.0,1,50.271726726726726
11004.0,2,74.8995606060606
11004.0,3,170.0678081232493
11004.0,4,73.27159115426106
11004.0,5,453.44550194931776
11004.0,6,159.64952956989248
11004.0,7,182.5674815583218
11004.0,8,277.295390273451
11004.0,9,346.57717293906813
11005.0,1,38.17597222222222
11005.0,3,9.550555555555556
11005.0,4,7.938611111111111
11005.0,5,0.42727777777777776
11005.0,6,7.679444444444443
11005.0,7,106.35314814814815
11005.0,8,299.523125
11005.0,9,0.5223333333333333
11040.0,1,42.66134502923977
11040.0,2,34.69173333333334
11040.0,3,108.66832638888889
11040.0,4,184.9183858858859
11040.0,5,419.91822796934866
11040.0,6,199.20317632850242
11040.0,7,114.13479377104377
11040.0,8,132.5558354063018
11040.0,9,161.11522503516176
11101.0,1,36.3167760662411
11101.0,2,48.47658658443297
11101.0,3,61.72885162252035
11101.0,4,67.5109422143513
11101.0,5,89.9844644795058
11101.0,6,57.38383677863911
11101.0,7,59.34558334827566
11101.0,8,133.76785591884297
11101.0,9,158.6667581114172
11102.0,1,35.55382596685083
11102.0,2,44.67293273986152
11102.0,3,76.86425608206245
11102.0,4,67.3277393018018
11102.0,5,90.93348981077148
11102.0,6,74.03810896377051
11102.0,7,75.19345685840707
11102.0,8,143.93649902734867
11102.0,9,219.95795965989004
11103.0,1,28.185364762313863
11103.0,2,65.1255148864334
11103.0,3,55.845620915032676
11103.0,4,66.29760752688172
11103.0,5,75.71594792719918
11103.0,6,65.14813951861181
11103.0,7,62.15131383153064
11103.0,8,175.76768356374808
11103.0,9,320.518278543655
11104.0,1,43.12153048927453
11104.0,2,90.02005908289242
11104.0,3,106.8975
11104.0,4,67.49965294924554
11104.0,5,79.38814275916128
11104.0,6,59.39124689233124
11104.0,7,102.5955832308323
11104.0,8,219.1344788758608
11104.0,9,196.59278091904505
11105.0,1,38.28270937761069
11105.0,2,60.32782876845377
11105.0,3,61.78432180620558
11105.0,4,76.32765061728395
11105.0,5,75.06358877995643
11105.0,6,63.75597312703584
11105.0,7,60.07850216450216
11105.0,8,166.0686597503374
11105.0,9,294.04631944444446
11106.0,1,36.94475402504472
11106.0,2,54.819662937464145
11106.0,3,72.57699286846275
11106.0,4,62.337179376083185
11106.0,5,95.33752961895613
11106.0,6,56.45238266753984
11106.0,7,115.50335497076023
11106.0,8,174.3581860991893
11106.0,9,219.50730784313726
11109.0,1,28.707321428571426
11109.0,2,126.75905864197532
11109.0,3,76.8801388888889
11109.0,4,27.461372053872054
11109.0,5,3.2929211469534048
11109.0,6,7.770392857142856
11109.0,7,5.36976403823178
11109.0,8,7.469291732490785
11109.0,9,29.155867063492064
11201.0,1,33.954833379552596
11201.0,2,54.394471276704486
11201.0,3,69.19735679779157
11201.0,4,108.50433440563725
11201.0,5,101.06093010617842
11201.0,6,107.13565270581462
11201.0,7,99.7914039710952
11201.0,8,110.85837069640064
11201.0,9,130.62082017655547
11203.0,1,55.79473908562863
11203.0,2,84.07617919643782
11203.0,3,90.10803128604383
11203.0,4,74.57448056142823
11203.0,5,97.33287654320988
11203.0,6,99.82541035655456
11203.0,7,156.01497759407707
11203.0,8,150.78788571669193
11203.0,9,196.06904025722338
11204.0,1,32.55688189845475
11204.0,2,51.72579279137895
11204.0,3,78.56315113500598
11204.0,4,66.6984872080089
11204.0,5,77.3572047921631
11204.0,6,75.93731154443627
11204.0,7,123.78174235275615
11204.0,8,184.2243857638889
11204.0,9,255.01274312656213
11205.0,1,33.85576700998751
11205.0,2,64.28912454873647
11205.0,3,71.00616608362486
11205.0,4,60.51073756105006
11205.0,5,92.20580704898445
11205.0,6,172.91661632506293
11205.0,7,108.83193538067817
11205.0,8,180.9792005710207
11205.0,9,179.84677496615643
11206.0,1,35.002505683432794
11206.0,2,75.20058561612873
11206.0,3,92.13065824792582
11206.0,4,78.98840679881759
11206.0,5,70.50469602734353
11206.0,6,79.36904506779507
11206.0,7,117.79749159974942
11206.0,8,115.0650984194136
11206.0,9,152.03611070559612
11207.0,1,44.391228464009345
11207.0,2,70.28491724495493
11207.0,3,88.2581841624233
11207.0,4,76.40246156176626
11207.0,5,118.08422340186496
11207.0,6,106.47262497704317
11207.0,7,164.04851725316024
11207.0,8,155.94910853293413
11207.0,9,161.41456100886163
11208.0,1,44.46540381083563
11208.0,2,77.52784716553288
11208.0,3,71.27632103629418
11208.0,4,84.65009501557633
11208.0,5,91.88200642556579
11208.0,6,87.6734895178197
11208.0,7,112.70030237461162
11208.0,8,133.97659810874703
11208.0,9,148.42026738539238
11209.0,1,35.06325356606607
11209.0,2,59.26088147610991
11209.0,3,74.77190427164084
11209.0,4,54.42618042813456
11209.0,5,65.8977531698365
11209.0,6,116.21453839619436
11209.0,7,101.38293323766571
11209.0,8,142.26287629673126
11209.0,9,248.79413227334234
11210.0,1,61.27815059283706
11210.0,2,99.50794379224475
11210.0,3,85.70020037839697
11210.0,4,86.56022925764192
11210.0,5,81.54746996193195
11210.0,6,134.90260748877864
11210.0,7,188.0301515896427
11210.0,8,178.86776468506724
11210.0,9,270.6417111592112
11211.0,1,49.0544985792671
11211.0,2,59.70521740188918
11211.0,3,81.67007390832654
11211.0,4,88.56184981392877
11211.0,5,103.62326125297139
11211.0,6,91.9575527836754
11211.0,7,125.53750091979396
11211.0,8,117.42755482263266
11211.0,9,149.6449439494526
11212.0,1,46.07701067694489
11212.0,2,73.87248479318734
11212.0,3,91.47025254452926
11212.0,4,71.75520992366413
11212.0,5,62.48436427909133
11212.0,6,159.814026799687
11212.0,7,161.33159055748936
11212.0,8,145.17458911731975
11212.0,9,229.25100303562286
11213.0,1,50.600328634861626
11213.0,2,78.02492453129965
11213.0,3,76.24791280864197
11213.0,4,72.83404054190679
11213.0,5,73.55990619068477
11213.0,6,126.9888758920554
11213.0,7,142.83697982678495
11213.0,8,159.02178225300725
11213.0,9,167.55746000405023
11214.0,1,26.378140317245524
11214.0,2,45.637518979992855
11214.0,3,56.54256490325741
11214.0,4,76.76426642258305
11214.0,5,101.27815774070822
11214.0,6,77.26460258986381
11214.0,7,134.81136188992733
11214.0,8,136.2102218865391
11214.0,9,233.2657074378424
11215.0,1,39.26680363188674
11215.0,2,70.44529778473671
11215.0,3,82.39921938557055
11215.0,4,114.2043142361111
11215.0,5,94.87475925925926
11215.0,6,119.70831595913924
11215.0,7,146.32744020061727
11215.0,8,179.3878500040463
11215.0,9,181.89258074275773
11216.0,1,46.83634250217014
11216.0,2,83.5661260060625
11216.0,3,91.61771296296297
11216.0,4,78.72065291262136
11216.0,5,75.05613619717278
11216.0,6,108.74902207559467
11216.0,7,160.08442084036764
11216.0,8,136.98382580725752
11216.0,9,167.94500518672197
11217.0,1,35.101376337693225
11217.0,2,66.6432162777044
11217.0,3,72.58406614394853
11217.0,4,100.4084753456605
11217.0,5,132.29749326436038
11217.0,6,84.61528847010602
11217.0,7,146.13108980144403
11217.0,8,174.64113466067224
11217.0,9,185.37946761557984
11218.0,1,43.6312624593432
11218.0,2,69.09118048329287
11218.0,3,88.71182693247337
11218.0,4,73.28733572281959
11218.0,5,81.26611678970282
11218.0,6,104.67732345369791
11218.0,7,144.01960491125698
11218.0,8,165.34005765199163
11218.0,9,196.90217924893534
11219.0,1,47.22745574692022
11219.0,2,69.85226079263978
11219.0,3,98.85618265086208
11219.0,4,79.02791149870802
11219.0,5,90.92029964780733
11219.0,6,110.00409770114943
11219.0,7,137.0510945907675
11219.0,8,140.95760642287857
11219.0,9,172.13959830075717
11220.0,1,34.91098540865622
11220.0,2,67.77442916393801
11220.0,3,71.69149124001453
11220.0,4,113.48357577337504
11220.0,5,90.62361653727356
11220.0,6,79.27842442384447
11220.0,7,91.15103895683686
11220.0,8,115.2487267995987
11220.0,9,191.7886746179265
11221.0,1,41.118198439241915
11221.0,2,69.74608899944721
11221.0,3,84.29473605986061
11221.0,4,63.16058723843207
11221.0,5,44.493023137305926
11221.0,6,96.71736199790547
11221.0,7,135.62562592867755
11221.0,8,121.02060749853545
11221.0,9,128.5560852076489
11222.0,1,47.74754218936679
11222.0,2,72.3593321106526
11222.0,3,103.44876028806584
11222.0,4,77.88188728565454
11222.0,5,61.14692201663396
11222.0,6,81.0280823359929
11222.0,7,168.69272551651213
11222.0,8,110.4299308926645
11222.0,9,158.48303911521052
11223.0,1,37.236509682271105
11223.0,2,53.614984487104905
11223.0,3,83.27621065019123
11223.0,4,84.95900613070408
11223.0,5,95.87879028936258
11223.0,6,100.7325737298637
11223.0,7,175.91192737758945
11223.0,8,178.073201135706
11223.0,9,262.3896600555931
11224.0,1,49.53914125481949
11224.0,2,52.8242200203252
11224.0,3,67.50380471380471
11224.0,4,67.34959883040935
11224.0,5,76.89490231481481
11224.0,6,81.7123677956031
11224.0,7,106.08341219546541
11224.0,8,124.96679961378491
11224.0,9,185.12706402116402
11225.0,1,39.40436300351446
11225.0,2,82.054864654195
11225.0,3,74.502105123541
11225.0,4,56.17635080941869
11225.0,5,83.43039419022817
11225.0,6,103.09699393073902
11225.0,7,198.52237741135897
11225.0,8,143.20108341810783
11225.0,9,126.71123774085612
11226.0,1,47.55625395005097
11226.0,2,80.77343097005105
11226.0,3,71.1897336979837
11226.0,4,47.81115941489097
11226.0,5,71.49657045810216
11226.0,6,83.9737751298503
11226.0,7,205.04111698234055
11226.0,8,167.37326512855057
11226.0,9,155.35737806112124
11228.0,1,26.87042990564221
11228.0,2,63.745678470868526
11228.0,3,105.37838965915655
11228.0,4,89.6694985350462
11228.0,5,78.99770764381402
11228.0,6,53.97209027777778
11228.0,7,145.47545388954478
11228.0,8,157.11228094902515
11228.0,9,247.60571558872306
11229.0,1,46.82086553509089
11229.0,2,70.17090863806844
11229.0,3,76.1491869004796
11229.0,4,99.99349058280028
11229.0,5,90.03484288810087
11229.0,6,109.08549745599561
11229.0,7,225.5610826250308
11229.0,8,162.51486670502493
11229.0,9,250.99802444444444
11230.0,1,45.97182961010709
11230.0,2,64.75594657450878
11230.0,3,85.2144544652878
11230.0,4,74.61278500186428
11230.0,5,83.22086234177215
11230.0,6,137.24135860362122
11230.0,7,181.33485488750236
11230.0,8,223.99637183897642
11230.0,9,278.23107071314104
11231.0,1,44.460074369582344
11231.0,2,69.58516798418972
11231.0,3,70.7778996546821
11231.0,4,86.94809343434343
11231.0,5,86.90892972774098
11231.0,6,185.6555704134367
11231.0,7,139.23203634085212
11231.0,8,131.2628591043515
11231.0,9,220.88707262299613
11232.0,1,39.50506504303599
11232.0,2,69.41006475800954
11232.0,3,76.24496263807667
11232.0,4,66.27469304643813
11232.0,5,68.10918080808081
11232.0,6,142.65147929769392
11232.0,7,113.37976688102893
11232.0,8,127.8039571017129
11232.0,9,151.3828126984127
11233.0,1,48.89167644404332
11233.0,2,84.9146048664944
11233.0,3,93.4647877804812
11233.0,4,97.40216562259589
11233.0,5,79.74211125292491
11233.0,6,150.41161388140162
11233.0,7,155.504294467442
11233.0,8,134.8408417906095
11233.0,9,199.1429320805457
11234.0,1,108.60574478285392
11234.0,2,228.83876399505832
11234.0,3,119.89873847926268
11234.0,4,128.35784990639797
11234.0,5,80.95010746690465
11234.0,6,75.61083614593379
11234.0,7,119.52786182450507
11234.0,8,151.65929588811548
11234.0,9,305.6359891315572
11235.0,1,45.13876962142197
11235.0,2,68.32087604571697
11235.0,3,81.68543713208241
11235.0,4,79.30077044025157
11235.0,5,99.21261420013104
11235.0,6,89.90884541209905
11235.0,7,144.1266122117947
11235.0,8,201.38194460427056
11235.0,9,268.8500801321768
11236.0,1,47.46560918842339
11236.0,2,66.55073199527745
11236.0,3,89.23177575663351
11236.0,4,100.84626729284986
11236.0,5,78.67454809286899
11236.0,6,91.56432017879949
11236.0,7,122.52551354780029
11236.0,8,129.24355270501934
11236.0,9,193.84258333333332
11237.0,1,50.772943899782135
11237.0,2,100.93712161210841
11237.0,3,93.97621373119846
11237.0,4,90.45745599783373
11237.0,5,77.02230625879044
11237.0,6,93.10833468900819
11237.0,7,153.75155139729713
11237.0,8,109.37558649971214
11237.0,9,120.60341048504395
11238.0,1,41.729096094662
11238.0,2,55.16953734827264
11238.0,3,71.46385903871017
11238.0,4,86.85693838499807
11238.0,5,113.60881596091205
11238.0,6,91.94022964120887
11238.0,7,132.26736552171093
11238.0,8,162.41872669418646
11238.0,9,126.2531865636228
11239.0,1,55.44433680555555
11239.0,2,75.55452991452991
11239.0,3,41.5464974245769
11239.0,4,68.86977614379086
11239.0,5,95.68190258751903
11239.0,6,61.50885169688517
11239.0,7,152.5894380587484
11239.0,8,181.47358229266732
11239.0,9,146.70276247645953
11241.0,3,15.787896825396826
11241.0,4,9.928842592592591
11241.0,5,65.62916666666666
11241.0,6,73.03833333333333
11241.0,7,23.528055555555557
11241.0,8,47.719166666666666
11242.0,1,21.766666666666666
11242.0,2,24.95
11242.0,6,348.50357142857143
11242.0,7,680.1683333333333
11249.0,1,41.18492994639376
11249.0,2,84.74795915778793
11249.0,3,77.56653290282904
11249.0,4,48.50394812091503
11249.0,5,52.94006363949089
11249.0,6,43.193379334748755
11249.0,7,77.08031782437746
11249.0,8,98.46637805358552
11249.0,9,156.3133670212766
11251.0,2,3.7594444444444446
11251.0,3,1.0716666666666668
11251.0,4,1.27125
11251.0,5,743.4303703703704
11251.0,9,120.85583333333334
11354.0,1,45.77504834363607
11354.0,2,72.39586346376093
11354.0,3,75.44259062552689
11354.0,4,100.09046794105934
11354.0,5,103.48392346861225
11354.0,6,110.95700246132209
11354.0,7,251.35588533279656
11354.0,8,212.74074485402227
11354.0,9,324.84030552212863
11355.0,1,41.48468674082598
11355.0,2,62.362284325637916
11355.0,3,81.07186388244394
11355.0,4,91.00331536249743
11355.0,5,122.08262293144207
11355.0,6,141.48803852071654
11355.0,7,175.20170715249662
11355.0,8,268.00523416532474
11355.0,9,320.81934922883227
11356.0,1,22.5294744346116
11356.0,2,41.71346033105023
11356.0,3,48.43421130952381
11356.0,4,80.42285457938559
11356.0,5,86.18453049759229
11356.0,6,68.89034925925925
11356.0,7,189.20681277909114
11356.0,8,153.03817160749165
11356.0,9,312.06159792211025
11357.0,1,31.410420343969225
11357.0,2,69.45158279800143
11357.0,3,94.43132807363577
11357.0,4,114.04032202556539
11357.0,5,117.32803184827338
11357.0,6,87.296506656426
11357.0,7,177.95429146039604
11357.0,8,189.3157980944923
11357.0,9,333.79741165755917
11358.0,1,26.653227456578634
11358.0,2,56.284322356630824
11358.0,3,102.459625
11358.0,4,77.68593342036554
11358.0,5,101.80179497354497
11358.0,6,144.38949374021908
11358.0,7,151.3933803730738
11358.0,8,224.2281131628788
11358.0,9,383.779173403075
11359.0,1,0.029583333333333336
11359.0,4,1.4238071895424838
11359.0,5,81.87233333333333
11359.0,6,4.223657407407408
11359.0,7,748.9635555555557
11359.0,8,51.82675925925926
11359.0,9,15.499722222222221
11360.0,1,31.720744520030234
11360.0,2,75.40147244805782
11360.0,3,97.43535781544256
11360.0,4,44.604957777777784
11360.0,5,83.90218077956989
11360.0,6,164.51597889957264
11360.0,7,374.9128059732665
11360.0,8,166.08354564755837
11360.0,9,669.7876010101011
11361.0,1,45.115904126213586
11361.0,2,75.84646493756004
11361.0,3,72.19334537789823
11361.0,4,123.87953773584906
11361.0,5,163.1635673998872
11361.0,6,127.14227813088512
11361.0,7,171.6667176668647
11361.0,8,190.6683864165212
11361.0,9,421.34394434628973
11362.0,1,47.53970548862115
11362.0,2,95.0051467505241
11362.0,3,87.86663279132792
11362.0,4,160.05442942942943
11362.0,5,223.6304927414852
11362.0,6,112.9684043348281
11362.0,7,213.3155416130416
11362.0,8,215.34208045480713
11362.0,9,429.08244913928013
11363.0,1,52.512015432098764
11363.0,2,66.83149936868686
11363.0,3,90.77776257600885
11363.0,4,214.74193899782136
11363.0,5,190.2706775067751
11363.0,6,254.7474310938846
11363.0,7,468.78318112633184
11363.0,8,186.78995827372435
11363.0,9,819.2512807017545
11364.0,1,50.25336953100409
11364.0,2,78.98729387827318
11364.0,3,106.76791956018519
11364.0,4,125.4972442680776
11364.0,5,172.24702231856133
11364.0,6,101.50758912308092
11364.0,7,207.4722999812629
11364.0,8,180.10032841188718
11364.0,9,388.6751055078684
11365.0,1,31.149671612606394
11365.0,2,53.52649219467401
11365.0,3,68.42737373737374
11365.0,4,70.00425852585259
11365.0,5,81.1410057997558
11365.0,6,108.16093731628453
11365.0,7,117.5742653840611
11365.0,8,128.87452701847633
11365.0,9,264.71026153540174
11366.0,1,14.255881843381843
11366.0,2,24.936707366707367
11366.0,3,32.73655498281787
11366.0,4,37.946584552219655
11366.0,5,25.594114531197864
11366.0,6,33.587646706274754
11366.0,7,90.31925056469828
11366.0,8,49.7670177367341
11366.0,9,89.43235895940919
11367.0,1,42.54374083474337
11367.0,2,124.95231161347517
11367.0,3,87.73468049594659
11367.0,4,124.35640401146132
11367.0,5,99.44935657596372
11367.0,6,86.3834595959596
11367.0,7,74.13716787439614
11367.0,8,203.06435197514426
11367.0,9,332.13651751123507
11368.0,1,25.984678783721993
11368.0,2,54.04649315209556
11368.0,3,59.8444933539268
11368.0,4,53.63004962354552
11368.0,5,65.15826063492064
11368.0,6,57.78995374548737
11368.0,7,95.89398771235362
11368.0,8,96.13904326142426
11368.0,9,175.8913300556499
11369.0,1,30.79321195652174
11369.0,2,61.74302555795536
11369.0,3,91.669454202446
11369.0,4,229.27541319444444
11369.0,5,155.5047154976205
11369.0,6,112.7132114936793
11369.0,7,61.05053383630544
11369.0,8,151.06409013059303
11369.0,9,201.98083038173948
11370.0,1,29.50929756195044
11370.0,2,47.46640759446315
11370.0,3,79.18024825915833
11370.0,4,119.77513703703703
11370.0,5,123.9175817400942
11370.0,6,54.458767038413875
11370.0,7,89.58817594154019
11370.0,8,136.1501132941885
11370.0,9,209.8009064577398
11371.0,1,61.614
11371.0,2,12.16986111111111
11371.0,3,0.043333333333333335
11371.0,4,4.800138888888888
11371.0,5,504.7347222222222
11371.0,6,271.2396527777778
11371.0,8,53.857592592592596
11371.0,9,787.85
11372.0,1,42.91255031706645
11372.0,2,72.3391654265873
11372.0,3,76.91557554379777
11372.0,4,73.27739384072719
11372.0,5,55.825265108858865
11372.0,6,81.668156882146
11372.0,7,48.50160176680699
11372.0,8,174.94924454658204
11372.0,9,218.61186017988553
11373.0,1,33.874431380638065
11373.0,2,61.59519545542076
11373.0,3,79.68523806506126
11373.0,4,82.11244180234219
11373.0,5,70.47991142347166
11373.0,6,81.59849687525363
11373.0,7,86.74730161450003
11373.0,8,128.52714445081915
11373.0,9,282.9672546645138
11374.0,1,38.51645748792271
11374.0,2,64.65426626461988
11374.0,3,72.69459532076719
11374.0,4,71.90662835249042
11374.0,5,124.81989634546052
11374.0,6,100.50809647208584
11374.0,7,146.25463869188337
11374.0,8,173.46256509328876
11374.0,9,243.50496280799626
11375.0,1,47.05095243379198
11375.0,2,77.2847606735614
11375.0,3,89.12657254901961
11375.0,4,94.49813982521847
11375.0,5,87.45602561657769
11375.0,6,80.77352396514162
11375.0,7,143.60872383252817
11375.0,8,170.4691556733412
11375.0,9,277.1206879122762
11377.0,1,33.01982996364281
11377.0,2,69.94624681325685
11377.0,3,69.56777879156529
11377.0,4,70.29580116133083
11377.0,5,86.93933753594338
11377.0,6,66.37907386716326
11377.0,7,58.85949791866795
11377.0,8,121.23848456513066
11377.0,9,211.97506179637787
11378.0,1,20.43454356471439
11378.0,2,48.93214141414141
11378.0,3,59.185490328385065
11378.0,4,70.20368956394819
11378.0,5,111.05781310612359
11378.0,6,76.82157203615098
11378.0,7,74.6118177613321
11378.0,8,140.91579681274902
11378.0,9,310.3539962426194
11379.0,1,24.849555813553494
11379.0,2,55.499801371244196
11379.0,3,73.57502156500308
11379.0,4,94.17720584381551
11379.0,5,71.57980334316618
11379.0,6,116.32265950520834
11379.0,7,107.78235787321064
11379.0,8,113.87742553865652
11379.0,9,355.8460069827269
11385.0,1,30.69454926223583
11385.0,2,49.35552156891002
11385.0,3,55.209954309449635
11385.0,4,54.218469758405135
11385.0,5,77.52793935330924
11385.0,6,89.24401672928967
11385.0,7,97.6715942632318
11385.0,8,116.20711280487805
11385.0,9,215.04094161016636
11411.0,1,45.13212851405623
11411.0,2,78.46401248164464
11411.0,3,79.33780737704917
11411.0,4,67.37135683760684
11411.0,5,171.3179692760943
11411.0,6,83.91014467592593
11411.0,7,72.2284987654321
11411.0,8,173.06695098039216
11411.0,9,226.04843129672597
11412.0,1,42.922635645199335
11412.0,2,69.39017028739534
11412.0,3,93.48025992063492
11412.0,4,127.66181471306471
11412.0,5,87.42333225248595
11412.0,6,117.70998646421846
11412.0,7,151.56364791745312
11412.0,8,176.27292272639133
11412.0,9,337.0863093261381
11413.0,1,39.82329350104822
11413.0,2,65.3416507936508
11413.0,3,92.80932622874447
11413.0,4,132.57097989093387
11413.0,5,200.33482748538012
11413.0,6,73.26793566268061
11413.0,7,104.97330957230142
11413.0,8,127.66308020633616
11413.0,9,282.6204137303265
11414.0,1,35.56271678206396
11414.0,2,83.95429434697856
11414.0,3,63.366090325018895
11414.0,4,102.39574683965402
11414.0,5,135.94160509031198
11414.0,6,62.29169868173258
11414.0,7,85.74281851851852
11414.0,8,158.69957728006457
11414.0,9,267.47090693688244
11415.0,1,39.45777237654321
11415.0,2,91.20561664757541
11415.0,3,96.8044637122672
11415.0,4,32.64638242894057
11415.0,5,38.976984536082476
11415.0,6,92.20761354420112
11415.0,7,123.13426599859352
11415.0,8,206.27322023365647
11415.0,9,368.25163593380614
11416.0,1,35.82999559955995
11416.0,2,70.76001238006809
11416.0,3,45.65244834710744
11416.0,4,60.29988817891374
11416.0,5,100.19972174900624
11416.0,6,56.95978590404751
11416.0,7,53.60386201937633
11416.0,8,150.0132123327516
11416.0,9,199.44663977436704
11417.0,1,26.97296762265512
11417.0,2,49.73939224459359
11417.0,3,64.58576388888889
11417.0,4,146.96716322517207
11417.0,5,117.21625377643505
11417.0,6,46.301039863851386
11417.0,7,99.6267819118813
11417.0,8,200.9628174901764
11417.0,9,203.78935313786008
11418.0,1,40.81586125808348
11418.0,2,87.84570505401234
11418.0,3,63.90687838753387
11418.0,4,68.21636117409928
11418.0,5,132.4578960359564
11418.0,6,86.1544653323357
11418.0,7,92.16082154689093
11418.0,8,183.80633704792228
11418.0,9,255.57134853204948
11419.0,1,29.441421626984127
11419.0,2,47.77654281045752
11419.0,3,47.02148157077038
11419.0,4,90.35016209843796
11419.0,5,102.28148517145506
11419.0,6,63.249855000000004
11419.0,7,53.97281428359647
11419.0,8,156.9491202788757
11419.0,9,189.13623942883163
11420.0,1,25.779631809787624
11420.0,2,47.67327982026144
11420.0,3,59.369823767476085
11420.0,4,112.86712820512821
11420.0,5,142.666893993994
11420.0,6,73.95667755991285
11420.0,7,54.62373862788963
11420.0,8,165.96309975689266
11420.0,9,291.0169097678493
11421.0,1,26.98835785440613
11421.0,2,58.49996147919877
11421.0,3,97.20329069919978
11421.0,4,67.39893392255892
11421.0,5,86.35953881424611
11421.0,6,129.57034474885845
11421.0,7,42.9232740021575
11421.0,8,124.17095085470085
11421.0,9,186.38284041394334
11422.0,1,43.339766435986164
11422.0,2,72.05315586419754
11422.0,3,71.17678869047619
11422.0,4,133.79429118773945
11422.0,5,156.97291999334664
11422.0,6,92.52908579465542
11422.0,7,71.02430103724657
11422.0,8,168.55845591264935
11422.0,9,265.97765725606735
11423.0,1,32.2266773798592
11423.0,2,68.0102548840049
11423.0,3,88.87474673202614
11423.0,4,120.12691326530613
11423.0,5,104.2371133382826
11423.0,6,116.0405269544115
11423.0,7,128.31622297072522
11423.0,8,158.81908960384436
11423.0,9,259.53079056505965
11426.0,1,44.51005095332018
11426.0,2,95.17890909090909
11426.0,3,115.24123825317855
11426.0,4,111.09903799019607
11426.0,5,230.15082207207206
11426.0,6,179.75652094717668
11426.0,7,166.50293659979423
11426.0,8,199.71790978593273
11426.0,9,351.9365611471861
11427.0,1,47.69552405498281
11427.0,2,82.70431613756614
11427.0,3,97.47304932735426
11427.0,4,185.55610997732427
11427.0,5,127.0713697705803
11427.0,6,172.86879629629632
11427.0,7,86.5255930930931
11427.0,8,223.66458544571185
11427.0,9,379.5157857789855
11428.0,1,31.728128117913833
11428.0,2,53.95543981481481
11428.0,3,56.203185037627264
11428.0,4,52.23533607681755
11428.0,5,248.83606464270963
11428.0,6,161.78152918781726
11428.0,7,149.7117229646127
11428.0,8,188.30343089196464
11428.0,9,372.0261795954941
11429.0,1,38.318371551081285
11429.0,2,86.90070390282756
11429.0,3,70.83102572416774
11429.0,4,79.66048765432099
11429.0,5,119.1914741577736
11429.0,6,76.92493959199841
11429.0,7,77.80441735618598
11429.0,8,155.60570943245403
11429.0,9,250.87648180751174
11430.0,1,36.12204636290967
11430.0,2,281.2192931177446
11430.0,3,530.0928883744856
11430.0,4,1289.1681810699588
11430.0,5,1652.783087962963
11430.0,6,1278.7773008385743
11430.0,7,141.83288194444447
11430.0,8,173.33097222222221
11430.0,9,494.6310130718954
11432.0,1,39.29251474333199
11432.0,2,68.94538208464185
11432.0,3,96.43371797424666
11432.0,4,115.9150095950873
11432.0,5,129.53021913916092
11432.0,6,86.19721747793908
11432.0,7,89.45494333987891
11432.0,8,155.75139123583452
11432.0,9,287.26810419069585
11433.0,1,35.87274094536526
11433.0,2,56.30566831204027
11433.0,3,65.60399186569747
11433.0,4,101.29786324786326
11433.0,5,131.11628012291766
11433.0,6,82.47749947290745
11433.0,7,134.71103370525339
11433.0,8,148.32456137048192
11433.0,9,204.4551926021629
11434.0,1,37.45351730551512
11434.0,2,82.75627330867621
11434.0,3,79.39939390814081
11434.0,4,106.38320852244074
11434.0,5,110.93758162490509
11434.0,6,91.33595029239767
11434.0,7,145.1210577655845
11434.0,8,149.18617976023037
11434.0,9,313.7841798225831
11435.0,1,39.66536377374784
11435.0,2,59.245471030197955
11435.0,3,88.1675441135925
11435.0,4,67.4070587431694
11435.0,5,94.78743062781825
11435.0,6,77.95622440944882
11435.0,7,91.25080078654733
11435.0,8,143.8596669281925
11435.0,9,293.76866950493206
11436.0,1,40.285563701531444
11436.0,2,56.507619313944815
11436.0,3,59.3627625937835
11436.0,4,94.45736406619385
11436.0,5,114.36491812865498
11436.0,6,96.57912865990991
11436.0,7,148.498553976217
11436.0,8,142.22925160437902
11436.0,9,261.4626520241171
11691.0,1,45.283702777777776
11691.0,2,79.66809126390964
11691.0,3,113.1068849978383
11691.0,4,93.26384461957579
11691.0,5,107.92626554990106
11691.0,6,158.6751929848948
11691.0,7,147.8090605921856
11691.0,8,221.3220925584256
11691.0,9,482.4186093112551
11692.0,1,45.57492531446541
11692.0,2,81.02477409638554
11692.0,3,94.98311686686687
11692.0,4,79.29515589569162
11692.0,5,161.3931216931217
11692.0,6,150.14848823666435
11692.0,7,69.58494877344877
11692.0,8,211.76020053058676
11692.0,9,750.7010710470086
11693.0,1,55.692519083969465
11693.0,2,52.519929990966574
11693.0,3,60.22015165165165
11693.0,4,64.56228594771243
11693.0,5,47.90625174337517
11693.0,6,51.48829435941043
11693.0,7,90.26693624436244
11693.0,8,164.63968271883624
11693.0,9,268.43726688102896
11694.0,1,44.45542619334135
11694.0,2,117.97481022052587
11694.0,3,121.65517634854771
11694.0,4,108.03796903460838
11694.0,5,81.73520168855535
11694.0,6,64.41872083697871
11694.0,7,47.881549469751754
11694.0,8,92.09575296995108
11694.0,9,275.8181083275342
11695.0,1,22.66138888888889
11695.0,4,44.99768518518518
11695.0,5,418.23111111111115
11695.0,6,25.787777777777777
11695.0,7,3.3669907407407407
11695.0,8,23.046944444444446
11695.0,9,16.37472222222222
11697.0,1,350.8449074074074
11697.0,2,449.47819444444445
11697.0,3,20.304513888888888
11697.0,4,22.857995169082127
11697.0,5,167.13972222222222
11697.0,6,76.73480452674896
11697.0,7,72.27093482905983
11697.0,8,198.2758230452675
11697.0,9,201.35565789473682
12345.0,1,2.2509259259259258
12345.0,2,18.609055555555557
12345.0,3,5.338888888888889
12345.0,5,0.6030555555555556
12345.0,6,0.18244444444444446
12345.0,7,323.7090972222222
12345.0,8,0.6279861111111111
12345.0,9,1.027388888888889
